{
  "name": "html5shiv",
  "version": "3.7.3",
  "main": [
    "dist/html5shiv.js"
  ],
  "ignore": [
    "**/.*",
    "composer.json",
    "test",
    "build",
    "src",
    "build.xml"
  ],
  "homepage": "https://github.com/aFarkas/html5shiv",
  "_release": "3.7.3",
  "_resolution": {
    "type": "version",
    "tag": "3.7.3",
    "commit": "ed28c56c071bddfe7d635ad88995674957a016be"
  },
  "_source": "https://github.com/aFarkas/html5shiv.git",
  "_target": "^3.7.3",
  "_originalSource": "html5shiv"
}